{"base_lr": 0.00019623423423423421, "lr": 0.00019623423423423421, "data_time": 0.4727108144760132, "loss": 2.497067918777466, "loss_cls": 1.7135284972190856, "loss_bbox": 0.7835394012928009, "time": 11.028592891693116, "epoch": 1, "iter": 50, "step": 50}
{"base_lr": 0.0003964324324324318, "lr": 0.0003964324324324318, "data_time": 0.016351590156555174, "loss": 1.7238972353935242, "loss_cls": 1.1249161660671234, "loss_bbox": 0.5989810609817505, "time": 7.484669332504272, "epoch": 1, "iter": 100, "step": 100}
{"base_lr": 0.0005966306306306299, "lr": 0.0005966306306306299, "data_time": 0.025086121559143068, "loss": 1.2169079065322876, "loss_cls": 0.7290985441207886, "loss_bbox": 0.4878093636035919, "time": 7.3426533031463626, "epoch": 1, "iter": 150, "step": 150}
{"base_lr": 0.000796828828828828, "lr": 0.000796828828828828, "data_time": 0.015596704483032226, "loss": 1.1259401869773864, "loss_cls": 0.6503294336795807, "loss_bbox": 0.475610756278038, "time": 7.252257747650146, "epoch": 1, "iter": 200, "step": 200}
{"base_lr": 0.001157185585585583, "lr": 0.001157185585585583, "data_time": 0.04171463966369629, "loss": 1.0694187188148498, "loss_cls": 0.6031372833251953, "loss_bbox": 0.46628144025802615, "time": 7.298722639083862, "epoch": 2, "iter": 290, "step": 290}
{"base_lr": 0.00135738378378378, "lr": 0.00135738378378378, "data_time": 0.018912425041198732, "loss": 1.0459964513778686, "loss_cls": 0.5852029836177826, "loss_bbox": 0.4607934761047363, "time": 7.384896898269654, "epoch": 2, "iter": 340, "step": 340}
{"base_lr": 0.0015575819819819772, "lr": 0.0015575819819819772, "data_time": 0.020985426902770995, "loss": 1.0519446742534637, "loss_cls": 0.594702422618866, "loss_bbox": 0.457242249250412, "time": 8.414177174568175, "epoch": 2, "iter": 390, "step": 390}
